{"cameraMode":{"drawMode":0,"name":"Shaded","section":"Shading Mode"},"sceneLighting":true,"audioPlay":false,"sceneViewState":{"showFog":true,"showMaterialUpdate":false,"showSkybox":true,"showFlares":true,"showImageEffects":true,"showParticleSystems":true},"in2DMode":false,"pivot":{"x":0.5951653718948364,"y":-0.6463514566421509,"z":22.2070255279541},"rotation":{"x":0.03633837401866913,"y":0.015915296971797944,"z":0.001093069789931178,"w":0.9995882511138916},"size":22.0,"orthographic":false}