{"cameraMode":{"drawMode":0,"name":"Shaded","section":"Shading Mode"},"sceneLighting":false,"audioPlay":false,"sceneViewState":{"showFog":true,"showMaterialUpdate":false,"showSkybox":false,"showFlares":true,"showImageEffects":true,"showParticleSystems":true},"in2DMode":false,"pivot":{"x":-3.0829169750213625,"y":-0.45319175720214846,"z":1.9059944152832032},"rotation":{"x":-0.0888795480132103,"y":0.4900453984737396,"z":-0.05031241104006767,"w":-0.8656986355781555},"size":6.8812127113342289,"orthographic":false}